addUser,2026-06-04 20:22:13
addUser,2026-06-04 20:22:13
addUser,2026-06-04 20:22:13
addUser,2026-06-04 20:22:13
addProblem,2026-06-04 20:22:13
addProblem,2026-06-04 20:22:13
addProblem,2026-06-04 20:22:13
displayLeaderboard,2026-06-04 20:22:13
createMatch,2026-06-04 20:22:13
createMatch,2026-06-04 20:22:13
getProblemsByDifficulty,2026-06-04 20:22:13
displayProblem,2026-06-04 20:22:13
displayActiveMatches,2026-06-04 20:22:13
submitCode,2026-06-04 20:22:13
submitCode,2026-06-04 20:22:13
finishMatch,2026-06-04 20:22:13
displayLeaderboard,2026-06-04 20:22:13
getUserHistory,2026-06-04 20:22:13
addUser,2026-06-04 20:23:31
addUser,2026-06-04 20:23:31
addUser,2026-06-04 20:23:31
addUser,2026-06-04 20:23:31
addProblem,2026-06-04 20:23:31
addProblem,2026-06-04 20:23:31
addProblem,2026-06-04 20:23:31
displayLeaderboard,2026-06-04 20:23:31
createMatch,2026-06-04 20:23:31
createMatch,2026-06-04 20:23:31
getProblemsByDifficulty,2026-06-04 20:23:31
displayProblem,2026-06-04 20:23:31
displayActiveMatches,2026-06-04 20:23:31
submitCode,2026-06-04 20:23:31
submitCode,2026-06-04 20:23:31
finishMatch,2026-06-04 20:23:31
displayLeaderboard,2026-06-04 20:23:31
getUserHistory,2026-06-04 20:23:31
addUser,2026-06-04 20:26:59
addUser,2026-06-04 20:26:59
addUser,2026-06-04 20:26:59
addUser,2026-06-04 20:26:59
addProblem,2026-06-04 20:26:59
addProblem,2026-06-04 20:26:59
addProblem,2026-06-04 20:26:59
displayLeaderboard,2026-06-04 20:26:59
createMatch,2026-06-04 20:26:59
createMatch,2026-06-04 20:26:59
getProblemsByDifficulty,2026-06-04 20:26:59
displayProblem,2026-06-04 20:26:59
displayActiveMatches,2026-06-04 20:26:59
submitCode,2026-06-04 20:26:59
submitCode,2026-06-04 20:26:59
finishMatch,2026-06-04 20:26:59
displayLeaderboard,2026-06-04 20:26:59
getUserHistory,2026-06-04 20:26:59
addUser,2026-06-04 20:28:56
addUser,2026-06-04 20:28:56
addUser,2026-06-04 20:28:56
addUser,2026-06-04 20:28:56
addProblem,2026-06-04 20:28:56
addProblem,2026-06-04 20:28:56
addProblem,2026-06-04 20:28:56
displayLeaderboard,2026-06-04 20:28:56
createMatch,2026-06-04 20:28:56
createMatch,2026-06-04 20:28:56
getProblemsByDifficulty,2026-06-04 20:28:56
displayProblem,2026-06-04 20:28:56
displayActiveMatches,2026-06-04 20:28:56
submitCode,2026-06-04 20:28:56
submitCode,2026-06-04 20:28:56
displayLeaderboard,2026-06-04 20:28:56
getUserHistory,2026-06-04 20:28:56
addUser,2026-06-04 20:30:37
addUser,2026-06-04 20:30:37
addUser,2026-06-04 20:30:37
addUser,2026-06-04 20:30:37
addProblem,2026-06-04 20:30:37
addProblem,2026-06-04 20:30:37
addProblem,2026-06-04 20:30:37
displayLeaderboard,2026-06-04 20:30:37
createMatch,2026-06-04 20:30:37
createMatch,2026-06-04 20:30:37
getProblemsByDifficulty,2026-06-04 20:30:37
displayProblem,2026-06-04 20:30:37
displayActiveMatches,2026-06-04 20:30:37
submitCode,2026-06-04 20:30:37
submitCode,2026-06-04 20:30:37
displayLeaderboard,2026-06-04 20:30:37
getUserHistory,2026-06-04 20:30:37
addUser,2026-06-04 20:41:16
addProblem,2026-06-04 20:41:16
addUser,2026-06-04 20:41:16
createMatch,2026-06-04 20:41:16
submitCode,2026-06-04 20:41:16
finishMatch,2026-06-04 20:41:16
displayLeaderboard,2026-06-04 20:45:42
addUser,2026-06-04 20:46:00
displayLeaderboard,2026-06-04 20:49:12
addUser,2026-06-04 20:49:23
displayProblem,2026-06-04 20:49:56
displayProblem,2026-06-04 20:50:19
displayLeaderboard,2026-06-04 20:53:35
displayProblem,2026-06-04 20:53:46
getUserHistory,2026-06-04 20:54:05
displayLeaderboard,2026-06-04 20:56:31
displayLeaderboard,2026-06-04 20:56:38
displayActiveMatches,2026-06-04 20:56:43
displayActiveMatches,2026-06-04 21:00:03
displayProblem,2026-06-04 21:00:18
displayActiveMatches,2026-06-04 21:00:29
createMatch,2026-06-04 21:00:33
submitCode,2026-06-04 21:00:42
finishMatch,2026-06-04 21:00:42
getUserHistory,2026-06-04 21:00:50
displayActiveMatches,2026-06-04 21:00:53
displayPlatformStats,2026-06-04 21:01:00
displayLeaderboard,2026-06-05 11:15:42
displayPlatformStats,2026-06-05 14:00:02
displayAllUsers,2026-06-05 14:00:08
addUser,2026-06-05 14:00:22
displayAllUsers,2026-06-05 14:00:33
